apk_file,is_malware,dangerous_permissions,internet_permission,min_sdk_version,activities_count,services_count,receivers_count,providers_count,exported_components,intent_filters_count,uses_native_code,has_reflection,obfuscation_score
a2dp.Vol.apk,0,0.0,0.0,0.8235294117647058,0.0,0.0,0.0,0.0,1.0,0.0,0.0,1.0,0.5
ac.mdiq.podcini.X.apk,0,0.0,0.0,0.8235294117647058,0.0,0.0,0.0,0.0,1.0,0.0,1.0,1.0,0.5
ac.robinson.mediaphone.apk,0,0.0,0.0,0.8235294117647058,0.0,0.0,0.0,0.0,1.0,0.0,0.0,1.0,0.7
acr.browser.lightning.apk,0,0.0,0.0,0.8235294117647058,0.0,0.0,0.0,0.0,1.0,0.0,1.0,1.0,0.5
ademar.bitac.apk,0,0.0,0.0,0.8235294117647058,0.0,0.0,0.0,0.0,1.0,0.0,0.0,1.0,0.5
ademar.textlauncher.apk,0,0.0,0.0,0.8235294117647058,0.0,0.0,0.0,0.0,1.0,0.0,0.0,0.0,0.3
agersant.polaris.apk,0,0.0,0.0,0.47058823529411764,0.0,0.0,0.0,0.0,1.0,0.0,1.0,1.0,0.5
agrigolo.chubbyclick.apk,0,0.0,0.0,0.8235294117647058,0.0,0.0,0.0,0.0,1.0,0.0,0.0,1.0,0.5
agrigolo.opendrummer.apk,0,0.0,0.0,0.6470588235294118,0.0,0.0,0.0,0.0,1.0,0.0,0.0,1.0,0.5
ai.susi.apk,0,0.0,0.0,0.5882352941176471,0.0,0.0,0.0,0.0,1.0,0.0,1.0,1.0,0.5
akk.astro.droid.moonphase.apk,0,0.0,0.0,0.8235294117647058,0.0,0.0,0.0,0.0,1.0,0.0,0.0,0.0,0.3
allen.town.focus.mastodon.apk,0,0.0,0.0,0.8235294117647058,0.0,0.0,0.0,0.0,1.0,0.0,1.0,1.0,0.5
allen.town.focus.podcast.apk,0,0.0,0.0,0.8235294117647058,0.0,0.0,0.0,0.0,1.0,0.0,1.0,1.0,0.5
alt.nainapps.aer.apk,0,0.0,0.0,0.8235294117647058,0.0,0.0,0.0,0.0,1.0,0.0,1.0,1.0,0.5
alt.nainapps.sharepaste.fdroid.apk,0,0.0,0.0,0.9411764705882353,0.0,0.0,0.0,0.0,1.0,0.0,1.0,1.0,0.5
amirz.dngprocessor.apk,0,0.0,0.0,0.4411764705882353,0.0,0.0,0.0,0.0,1.0,0.0,0.0,0.0,0.3
amirz.rootless.nexuslauncher.apk,0,0.0,0.0,0.8235294117647058,0.0,0.0,0.0,0.0,1.0,0.0,0.0,1.0,0.3
An.stop.apk,0,0.0,0.0,0.8235294117647058,0.0,0.0,0.0,0.0,1.0,0.0,0.0,0.0,0.3
androdns.android.leetdreams.ch.androdns.apk,0,0.0,0.0,0.5294117647058824,0.0,0.0,0.0,0.0,1.0,0.0,0.0,1.0,0.5
android.jonas.fakestandby.apk,0,0.0,0.0,0.8235294117647058,0.0,0.0,0.0,0.0,1.0,0.0,0.0,1.0,0.3
anonvpn.anon_next.android.apk,0,0.0,0.0,0.8235294117647058,0.0,0.0,0.0,0.0,1.0,0.0,0.0,1.0,0.7
anupam.acrylic.apk,0,0.0,0.0,0.4411764705882353,0.0,0.0,0.0,0.0,1.0,0.0,0.0,0.0,0.3
app.alextran.immich.apk,0,0.0,0.0,0.8235294117647058,0.0,0.0,0.0,0.0,1.0,0.0,1.0,1.0,0.5
app.cclauncher.apk,0,0.0,0.0,0.8235294117647058,0.0,0.0,0.0,0.0,1.0,0.0,1.0,1.0,0.5
app.clauncher.apk,0,0.0,0.0,0.8235294117647058,0.0,0.0,0.0,0.0,1.0,0.0,0.0,1.0,0.3
app.comaps.fdroid.apk,0,0.0,0.0,0.8235294117647058,0.0,0.0,0.0,0.0,1.0,0.0,1.0,1.0,0.5
app.crescentcash.src.apk,0,0.0,0.0,0.8235294117647058,0.0,0.0,0.0,0.0,1.0,0.0,0.0,1.0,0.7
app.crossword.yourealwaysbe.forkyz.apk,0,0.0,0.0,0.8235294117647058,0.0,0.0,0.0,0.0,1.0,0.0,1.0,1.0,0.5
app.crossword.yourealwaysbe.forkyzscanner.apk,0,0.0,0.0,0.8823529411764706,0.0,0.0,0.0,0.0,1.0,0.0,1.0,1.0,0.5
app.dumdum.apk,0,0.0,0.0,0.8235294117647058,0.0,0.0,0.0,0.0,1.0,0.0,1.0,1.0,0.5
app.easy.launcher.apk,0,0.0,0.0,0.8235294117647058,0.0,0.0,0.0,0.0,1.0,0.0,1.0,1.0,0.5
app.eduroam.geteduroam.apk,0,0.0,0.0,0.8235294117647058,0.0,0.0,0.0,0.0,1.0,0.0,1.0,1.0,0.5
app.fedilab.castlab.apk,0,0.0,0.0,0.8235294117647058,0.0,0.0,0.0,0.0,1.0,0.0,1.0,1.0,0.7
app.fedilab.fediplan.apk,0,0.0,0.0,0.8235294117647058,0.0,0.0,0.0,0.0,1.0,0.0,1.0,1.0,0.5
app.fedilab.mobilizon.apk,0,0.0,0.0,0.5882352941176471,0.0,0.0,0.0,0.0,1.0,0.0,0.0,1.0,0.5
app.fedilab.nitterizeme.apk,0,0.0,0.0,0.8235294117647058,0.0,0.0,0.0,0.0,1.0,0.0,0.0,1.0,0.5
app.fedilab.nitterizemelite.apk,0,0.0,0.0,0.8235294117647058,0.0,0.0,0.0,0.0,1.0,0.0,0.0,1.0,0.5
app.fedilab.openmaps.apk,0,0.0,0.0,0.8235294117647058,0.0,0.0,0.0,0.0,1.0,0.0,0.0,1.0,0.5
app.flicky.apk,0,0.0,0.0,0.8235294117647058,0.0,0.0,0.0,0.0,1.0,0.0,1.0,1.0,0.5
app.fluffy.apk,0,0.0,0.0,0.8235294117647058,0.0,0.0,0.0,0.0,1.0,0.0,1.0,1.0,0.5
app.govroam.getgovroam.apk,0,0.0,0.0,0.8235294117647058,0.0,0.0,0.0,0.0,1.0,0.0,1.0,1.0,0.5
app.halma.apk,0,0.0,0.0,0.5588235294117647,0.0,0.0,0.0,0.0,1.0,0.0,1.0,1.0,0.5
app.hkTransport.apk,0,0.0,0.0,0.7352941176470589,0.0,0.0,0.0,0.0,1.0,0.0,0.0,1.0,0.5
app.hypostats.apk,0,0.0,0.0,0.5882352941176471,0.0,0.0,0.0,0.0,1.0,0.0,1.0,1.0,0.5
app.intra.apk,0,0.0,0.0,0.9411764705882353,0.0,0.0,0.0,0.0,1.0,0.0,1.0,1.0,0.5
app.ladefuchs.android.apk,0,0.0,0.0,0.8235294117647058,0.0,0.0,0.0,0.0,1.0,0.0,1.0,1.0,0.7
app.michaelwuensch.bitbanana.apk,0,0.0,0.0,0.8235294117647058,0.0,0.0,0.0,0.0,1.0,0.0,1.0,1.0,0.5
InfinityLoop1309.NewPipeEnhanced.apk,0,0.0,0.0,0.7058823529411765,0.0,0.0,0.0,0.0,1.0,0.0,1.0,1.0,0.7
S.N.A.K.E.apk,0,0.0,0.0,0.8235294117647058,0.0,0.0,0.0,0.0,1.0,0.0,0.0,0.0,0.3
446800befecf9179f9aca09dd88331dee0e745b199db39a9b0113f4ee886ca34.apk,1,0.0,0.0,0.8823529411764706,0.0,0.0,0.0,0.0,1.0,0.0,1.0,1.0,0.3
498b9dc568e47cd06099fbedb479e78556a7cd30a8cad589b003a77e09de2c52.apk,1,0.0,0.0,0.8235294117647058,0.0,0.0,0.0,0.0,1.0,0.0,0.0,1.0,0.5
9a36ec85e564d111d4f48333f757657d64c3c763e7a94351f2ddfdd87492a65d.apk,1,0.0,0.0,0.8235294117647058,0.0,0.0,0.0,0.0,1.0,0.0,0.0,1.0,0.5
a8062f50057c4d8be86c50b411addafa7429b451420b3aaeb1ec6f04aef18957.apk,1,0.0,0.0,0.8823529411764706,0.0,0.0,0.0,0.0,1.0,0.0,1.0,1.0,0.3
Telegram_12.2.11_APKPure.apk,1,0.0,0.0,0.8235294117647058,0.0,0.0,0.0,0.0,1.0,0.0,1.0,1.0,0.5
